{"initial_reset_timestamp": 1574824029.8895192, "timestamps": [1574824030.2206328, 1574824030.5029047, 1574824033.8501918, 1574824035.1696622, 1574824038.1097987, 1574824039.9279358, 1574824042.459166, 1574824046.5422454, 1574824056.202408, 1574824065.0567267, 1574824081.5047355, 1574824088.0502295, 1574824095.677828, 1574824105.5554097, 1574824119.2118843, 1574824140.4999475, 1574824153.329633, 1574824170.5814924, 1574824199.9828742, 1574824225.9769485, 1574824250.0744088, 1574824276.014894, 1574824296.1765382, 1574824321.3532095, 1574824346.456745, 1574824371.64474, 1574824391.9731653, 1574824419.7652316, 1574824441.4937792, 1574824453.2978966], "episode_lengths": [16, 14, 13, 11, 23, 15, 21, 33, 71, 70, 118, 54, 64, 83, 112, 165, 107, 138, 200, 185, 182, 188, 155, 193, 184, 187, 151, 194, 167, 92], "episode_rewards": [16.0, 14.0, 13.0, 11.0, 23.0, 15.0, 21.0, 33.0, 71.0, 70.0, 118.0, 54.0, 64.0, 83.0, 112.0, 165.0, 107.0, 138.0, 200.0, 185.0, 182.0, 188.0, 155.0, 193.0, 184.0, 187.0, 151.0, 194.0, 167.0, 92.0], "episode_types": ["t", "t", "t", "t", "t", "t", "t", "t", "t", "t", "t", "t", "t", "t", "t", "t", "t", "t", "t", "t", "t", "t", "t", "t", "t", "t", "t", "t", "t", "t"]}